{
  "meta_title": "Fishing Co. Proteção solar upf50+",
  "meta_description": "Marketplace Fishing Co. Todos os produtos desta loja você encontra nas melhores lojas do ramo.",
  "sections": [
    {
      "type": "banner-slider",
      "autoplay": 9000,
      "slides": [
        {
          "start": "",
          "end": "",
          "img": "/img/uploads/banner-central-1.jpg",
          "mobile_img": "/img/uploads/post-1.jpg",
          "link": "/masculino"
        }
      ],
      "full_width": true
    },
    {
      "type": "collection-shelf",
      "shuffle": true,
      "limit": 12,
      "page": 1,
      "sort": "news",
      "title": "",
      "headless": true,
      "collection_id": "5f404089f023684cdbdbe59c:categories:MASCULINO:/masculino"
    },
    {
      "type": "responsive-banner",
      "img": "/img/uploads/banner-central-3.jpg",
      "link": "/feminino",
      "mobile_img": "/img/uploads/post-4.jpg"
    },
    {
      "type": "collection-shelf",
      "shuffle": true,
      "title": "",
      "headless": true,
      "sort": "sales",
      "collection_id": "5f40408df023684cdbdbe5a6:categories:BERMUDAS:/bermudas-masculina"
    },
    {
      "type": "responsive-banner",
      "img": "/img/uploads/whatsapp-image-2020-09-28-at-21.02.38.jpeg",
      "link": "/infantil",
      "mobile_img": ""
    },
    {
      "type": "dynamic-showcase",
      "load_more": false,
      "sort": "lowest_price"
    },
    {
      "type": "collection-shelf",
      "shuffle": false,
      "limit": 12,
      "page": 1,
      "collection_id": "5f404096f023684cdbdbe5ba:categories:INFANTIL:/infantil"
    }
  ]
}
